CYCLE, EVENT_NAME, CACHE_NAME, ADDR, IP, CACHE_HIT, TYPE
45,CACHE_OPERATE,cpu0_L2C,48179243,4201161,0,LOAD
46,CACHE_OPERATE,cpu0_L2C,48179240,4201008,0,LOAD
55,CACHE_OPERATE,cpu0_L2C,48179241,4201026,0,LOAD
55,PREFETCH_SUCCESS,cpu0_L2C,48179232,0,0,0
56,PREFETCH_SUCCESS,cpu0_L2C,48179231,0,0,0
58,CACHE_OPERATE,cpu0_L2C,48179242,4201090,0,LOAD
92,CACHE_OPERATE,cpu0_L2C,48179244,4201222,0,LOAD
101,CACHE_OPERATE,cpu0_L2C,114262237,4201165,0,LOAD
102,CACHE_OPERATE,cpu0_L2C,114262236,4201026,0,LOAD
104,CACHE_OPERATE,cpu0_L2C,48179245,4201282,0,LOAD
104,PREFETCH_SUCCESS,cpu0_L2C,48179254,0,0,0
105,CACHE_OPERATE,cpu0_L2C,48179238,4200832,0,LOAD
105,PREFETCH_SUCCESS,cpu0_L2C,48179230,0,0,0
106,CACHE_OPERATE,cpu0_L2C,106415485,4201008,0,LOAD
106,PREFETCH_SUCCESS,cpu0_L2C,48179229,0,0,0
107,CACHE_OPERATE,cpu0_L2C,48179239,4200896,0,LOAD
108,CACHE_OPERATE,cpu0_L2C,72122493,4201020,0,LOAD
109,CACHE_OPERATE,cpu0_L2C,132409277,4201012,0,LOAD
110,CACHE_OPERATE,cpu0_L2C,132409278,4201034,0,LOAD
111,CACHE_OPERATE,cpu0_L2C,132409276,4201084,0,LOAD
113,CACHE_OPERATE,cpu0_L2C,72525760,4201049,0,LOAD
114,CACHE_OPERATE,cpu0_L2C,106415486,4201008,0,LOAD
115,CACHE_OPERATE,cpu0_L2C,123893383,4201062,0,LOAD
116,CACHE_OPERATE,cpu0_L2C,72122494,4201020,0,LOAD
117,CACHE_OPERATE,cpu0_L2C,110641981,4201044,0,LOAD
118,CACHE_OPERATE,cpu0_L2C,110641982,4201044,0,LOAD
119,CACHE_OPERATE,cpu0_L2C,72525761,4201049,0,LOAD
120,CACHE_OPERATE,cpu0_L2C,123893384,4201062,0,LOAD
121,CACHE_OPERATE,cpu0_L2C,41155773,4201107,0,LOAD
158,CACHE_OPERATE,cpu0_L2C,41155774,4201107,0,LOAD
159,CACHE_OPERATE,cpu0_L2C,87673145,4201099,0,LOAD
160,CACHE_OPERATE,cpu0_L2C,87673146,4201099,0,LOAD
161,CACHE_OPERATE,cpu0_L2C,5746290,4201112,0,LOAD
162,CACHE_OPERATE,cpu0_L2C,5746291,4201112,0,LOAD
164,CACHE_OPERATE,cpu0_L2C,106415487,4201008,0,LOAD
165,CACHE_OPERATE,cpu0_L2C,46011453,4201094,0,LOAD
166,CACHE_OPERATE,cpu0_L2C,46011454,4201094,0,LOAD
167,CACHE_OPERATE,cpu0_L2C,72122495,4201020,0,LOAD
168,CACHE_OPERATE,cpu0_L2C,110641983,4201044,0,LOAD
169,CACHE_OPERATE,cpu0_L2C,34496765,4201057,0,LOAD
170,CACHE_OPERATE,cpu0_L2C,34496766,4201057,0,LOAD
171,CACHE_OPERATE,cpu0_L2C,34496767,4201057,0,LOAD
172,CACHE_OPERATE,cpu0_L2C,46011455,4201094,0,LOAD
173,CACHE_OPERATE,cpu0_L2C,20250429,4201071,0,LOAD
174,CACHE_OPERATE,cpu0_L2C,20250430,4201071,0,LOAD
175,CACHE_OPERATE,cpu0_L2C,20250431,4201071,0,LOAD
176,CACHE_OPERATE,cpu0_L2C,41155775,4201107,0,LOAD
177,CACHE_OPERATE,cpu0_L2C,114262234,4201182,0,LOAD
177,PREFETCH_SUCCESS,cpu0_L2C,114262225,0,0,0
178,CACHE_OPERATE,cpu0_L2C,114262235,4201190,0,LOAD
178,PREFETCH_SUCCESS,cpu0_L2C,114262224,0,0,0
336,CACHE_OPERATE,cpu0_L2C,48179246,4201346,0,LOAD
337,CACHE_OPERATE,cpu0_L2C,48179247,4201410,0,LOAD
337,PREFETCH_SUCCESS,cpu0_L2C,48179256,0,0,0
338,PREFETCH_SUCCESS,cpu0_L2C,48179257,0,0,0
339,CACHE_OPERATE,cpu0_L2C,48179235,4200640,0,LOAD
339,PREFETCH_SUCCESS,cpu0_L2C,48179228,0,0,0
340,PREFETCH_SUCCESS,cpu0_L2C,48179227,0,0,0
341,CACHE_OPERATE,cpu0_L2C,48179236,4200705,0,LOAD
343,CACHE_OPERATE,cpu0_L2C,48179237,4200770,0,LOAD
477,CACHE_OPERATE,cpu0_L2C,114262233,4201319,0,LOAD
478,CACHE_OPERATE,cpu0_L2C,114262232,4201330,0,LOAD
478,PREFETCH_SUCCESS,cpu0_L2C,114262223,0,0,0
479,PREFETCH_SUCCESS,cpu0_L2C,114262222,0,0,0
530,CACHE_OPERATE,cpu0_L2C,102137152,4201008,0,LOAD
531,CACHE_OPERATE,cpu0_L2C,111930880,4201020,0,LOAD
532,CACHE_OPERATE,cpu0_L2C,78007552,4201044,0,LOAD
533,CACHE_OPERATE,cpu0_L2C,17681792,4201057,0,LOAD
534,CACHE_OPERATE,cpu0_L2C,48234752,4201071,0,LOAD
535,CACHE_OPERATE,cpu0_L2C,26079040,4201094,0,LOAD
536,CACHE_OPERATE,cpu0_L2C,52174336,4201107,0,LOAD
537,CACHE_OPERATE,cpu0_L2C,102137153,4201008,0,LOAD
538,CACHE_OPERATE,cpu0_L2C,111930881,4201020,0,LOAD
539,CACHE_OPERATE,cpu0_L2C,78007553,4201044,0,LOAD
540,CACHE_OPERATE,cpu0_L2C,17681793,4201057,0,LOAD
541,CACHE_OPERATE,cpu0_L2C,48234753,4201071,0,LOAD
542,CACHE_OPERATE,cpu0_L2C,26079041,4201094,0,LOAD
543,CACHE_OPERATE,cpu0_L2C,52174337,4201107,0,LOAD
564,CACHE_OPERATE,cpu0_L2C,102137154,4201008,0,LOAD
564,PREFETCH_SUCCESS,cpu0_L2C,102137163,0,0,0
565,CACHE_OPERATE,cpu0_L2C,132409279,4201034,0,LOAD
565,PREFETCH_SUCCESS,cpu0_L2C,102137164,0,0,0
572,CACHE_OPERATE,cpu0_L2C,111930882,4201020,0,LOAD
572,PREFETCH_SUCCESS,cpu0_L2C,111930891,0,0,0
573,CACHE_OPERATE,cpu0_L2C,78007554,4201044,0,LOAD
573,PREFETCH_SUCCESS,cpu0_L2C,78007563,0,0,0
574,CACHE_OPERATE,cpu0_L2C,17681794,4201057,0,LOAD
574,PREFETCH_SUCCESS,cpu0_L2C,17681803,0,0,0
575,PREFETCH_SUCCESS,cpu0_L2C,17681804,0,0,0
576,CACHE_OPERATE,cpu0_L2C,48234754,4201071,0,LOAD
576,PREFETCH_SUCCESS,cpu0_L2C,48234763,0,0,0
577,CACHE_OPERATE,cpu0_L2C,26079042,4201094,0,LOAD
577,PREFETCH_SUCCESS,cpu0_L2C,26079051,0,0,0
578,CACHE_OPERATE,cpu0_L2C,52174338,4201107,0,LOAD
578,PREFETCH_SUCCESS,cpu0_L2C,52174347,0,0,0
579,PREFETCH_SUCCESS,cpu0_L2C,52174348,0,0,0
964,CACHE_OPERATE,cpu0_L2C,102137155,4201008,0,LOAD
972,CACHE_OPERATE,cpu0_L2C,111930883,4201020,0,LOAD
981,CACHE_OPERATE,cpu0_L2C,78007555,4201044,0,LOAD
982,CACHE_OPERATE,cpu0_L2C,72525762,4201049,0,LOAD
982,PREFETCH_SUCCESS,cpu0_L2C,72525771,0,0,0
983,CACHE_OPERATE,cpu0_L2C,17681795,4201057,0,LOAD
983,PREFETCH_SUCCESS,cpu0_L2C,72525772,0,0,0
984,CACHE_OPERATE,cpu0_L2C,123893385,4201062,0,LOAD
984,PREFETCH_SUCCESS,cpu0_L2C,123893394,0,0,0
985,CACHE_OPERATE,cpu0_L2C,48234755,4201071,0,LOAD
985,PREFETCH_SUCCESS,cpu0_L2C,123893395,0,0,0
986,CACHE_OPERATE,cpu0_L2C,26079043,4201094,0,LOAD
987,CACHE_OPERATE,cpu0_L2C,87673147,4201099,0,LOAD
988,CACHE_OPERATE,cpu0_L2C,52174339,4201107,0,LOAD
989,CACHE_OPERATE,cpu0_L2C,5746292,4201112,0,LOAD
989,PREFETCH_SUCCESS,cpu0_L2C,5746301,0,0,0
990,PREFETCH_SUCCESS,cpu0_L2C,5746302,0,0,0
995,CACHE_OPERATE,cpu0_L2C,102137156,4201008,0,LOAD
995,PREFETCH_SUCCESS,cpu0_L2C,102137165,0,0,0
996,PREFETCH_SUCCESS,cpu0_L2C,102137166,0,0,0
999,CACHE_OPERATE,cpu0_L2C,111930884,4201020,0,LOAD
999,PREFETCH_SUCCESS,cpu0_L2C,111930893,0,0,0
1000,CACHE_OPERATE,cpu0_L2C,78007556,4201044,0,LOAD
1000,PREFETCH_SUCCESS,cpu0_L2C,78007565,0,0,0
1001,PREFETCH_SUCCESS,cpu0_L2C,78007566,0,0,0
1002,CACHE_OPERATE,cpu0_L2C,17681796,4201057,0,LOAD
1002,PREFETCH_SUCCESS,cpu0_L2C,17681805,0,0,0
1003,PREFETCH_SUCCESS,cpu0_L2C,17681806,0,0,0
1007,CACHE_OPERATE,cpu0_L2C,48234756,4201071,0,LOAD
1007,PREFETCH_SUCCESS,cpu0_L2C,48234765,0,0,0
1008,PREFETCH_SUCCESS,cpu0_L2C,48234766,0,0,0
1017,CACHE_OPERATE,cpu0_L2C,26079044,4201094,0,LOAD
1017,PREFETCH_SUCCESS,cpu0_L2C,26079053,0,0,0
1018,CACHE_OPERATE,cpu0_L2C,52174340,4201107,0,LOAD
1018,PREFETCH_SUCCESS,cpu0_L2C,52174349,0,0,0
1019,PREFETCH_SUCCESS,cpu0_L2C,52174350,0,0,0
1027,CACHE_OPERATE,cpu0_L2C,102137157,4201008,0,LOAD
1029,CACHE_OPERATE,cpu0_L2C,111930885,4201020,0,LOAD
1030,CACHE_OPERATE,cpu0_L2C,78007557,4201044,0,LOAD
1031,CACHE_OPERATE,cpu0_L2C,17681797,4201057,0,LOAD
1032,CACHE_OPERATE,cpu0_L2C,48234757,4201071,0,LOAD
1033,CACHE_OPERATE,cpu0_L2C,26079045,4201094,0,LOAD
1045,CACHE_OPERATE,cpu0_L2C,52174341,4201107,0,LOAD
1400,CACHE_OPERATE,cpu0_L2C,102137158,4201008,0,LOAD
1400,PREFETCH_SUCCESS,cpu0_L2C,102137167,0,0,0
1401,CACHE_OPERATE,cpu0_L2C,111930886,4201020,0,LOAD
1401,PREFETCH_SUCCESS,cpu0_L2C,111930895,0,0,0
1402,CACHE_OPERATE,cpu0_L2C,78007558,4201044,0,LOAD
1402,PREFETCH_SUCCESS,cpu0_L2C,78007567,0,0,0
1403,CACHE_OPERATE,cpu0_L2C,17681798,4201057,0,LOAD
1403,PREFETCH_SUCCESS,cpu0_L2C,17681807,0,0,0
1404,CACHE_OPERATE,cpu0_L2C,48234758,4201071,0,LOAD
1404,PREFETCH_SUCCESS,cpu0_L2C,48234767,0,0,0
1405,PREFETCH_SUCCESS,cpu0_L2C,48234768,0,0,0
1407,CACHE_OPERATE,cpu0_L2C,26079046,4201094,0,LOAD
1407,PREFETCH_SUCCESS,cpu0_L2C,26079055,0,0,0
1408,CACHE_OPERATE,cpu0_L2C,52174342,4201107,0,LOAD
1408,PREFETCH_SUCCESS,cpu0_L2C,52174351,0,0,0
1409,PREFETCH_SUCCESS,cpu0_L2C,52174352,0,0,0
1470,CACHE_OPERATE,cpu0_L2C,102137159,4201008,0,LOAD
1470,PREFETCH_SUCCESS,cpu0_L2C,102137168,0,0,0
1471,PREFETCH_SUCCESS,cpu0_L2C,102137169,0,0,0
1479,CACHE_OPERATE,cpu0_L2C,111930887,4201020,0,LOAD
1479,PREFETCH_SUCCESS,cpu0_L2C,111930896,0,0,0
1480,CACHE_OPERATE,cpu0_L2C,78007559,4201044,0,LOAD
1480,PREFETCH_SUCCESS,cpu0_L2C,78007568,0,0,0
1481,CACHE_OPERATE,cpu0_L2C,17681799,4201057,0,LOAD
1481,PREFETCH_SUCCESS,cpu0_L2C,17681808,0,0,0
1482,CACHE_OPERATE,cpu0_L2C,48234759,4201071,0,LOAD
1482,PREFETCH_SUCCESS,cpu0_L2C,48234768,0,0,0
1483,CACHE_OPERATE,cpu0_L2C,26079047,4201094,0,LOAD
1483,PREFETCH_SUCCESS,cpu0_L2C,26079056,0,0,0
1484,CACHE_OPERATE,cpu0_L2C,52174343,4201107,0,LOAD
1484,PREFETCH_SUCCESS,cpu0_L2C,52174352,0,0,0
1485,CACHE_OPERATE,cpu0_L2C,95178496,4201034,0,LOAD
1485,PREFETCH_SUCCESS,cpu0_L2C,52174353,0,0,0
1486,CACHE_OPERATE,cpu0_L2C,102137160,4201008,0,LOAD
1486,PREFETCH_SUCCESS,cpu0_L2C,102137169,0,0,0
1487,CACHE_OPERATE,cpu0_L2C,111930888,4201020,0,LOAD
1487,PREFETCH_SUCCESS,cpu0_L2C,111930897,0,0,0
1488,CACHE_OPERATE,cpu0_L2C,78007560,4201044,0,LOAD
1488,PREFETCH_SUCCESS,cpu0_L2C,78007569,0,0,0
1489,CACHE_OPERATE,cpu0_L2C,72525763,4201049,0,LOAD
1489,PREFETCH_SUCCESS,cpu0_L2C,78007570,0,0,0
1490,CACHE_OPERATE,cpu0_L2C,17681800,4201057,0,LOAD
1490,PREFETCH_SUCCESS,cpu0_L2C,17681809,0,0,0
1491,CACHE_OPERATE,cpu0_L2C,123893386,4201062,0,LOAD
1491,PREFETCH_SUCCESS,cpu0_L2C,17681810,0,0,0
1492,CACHE_OPERATE,cpu0_L2C,48234760,4201071,0,LOAD
1492,PREFETCH_SUCCESS,cpu0_L2C,48234769,0,0,0
1493,CACHE_OPERATE,cpu0_L2C,26079048,4201094,0,LOAD
1493,PREFETCH_SUCCESS,cpu0_L2C,26079057,0,0,0
1494,CACHE_OPERATE,cpu0_L2C,87673148,4201099,0,LOAD
1494,PREFETCH_SUCCESS,cpu0_L2C,26079058,0,0,0
1495,CACHE_OPERATE,cpu0_L2C,52174344,4201107,0,LOAD
1495,PREFETCH_SUCCESS,cpu0_L2C,52174353,0,0,0
1496,CACHE_OPERATE,cpu0_L2C,5746293,4201112,0,LOAD
1497,PREFETCH_SUCCESS,cpu0_L2C,52174354,0,0,0
1777,CACHE_OPERATE,cpu0_L2C,102137161,4201008,0,LOAD
1777,PREFETCH_SUCCESS,cpu0_L2C,102137170,0,0,0
1778,CACHE_OPERATE,cpu0_L2C,111930889,4201020,0,LOAD
1778,PREFETCH_SUCCESS,cpu0_L2C,111930898,0,0,0
1779,PREFETCH_SUCCESS,cpu0_L2C,111930899,0,0,0
1781,CACHE_OPERATE,cpu0_L2C,78007561,4201044,0,LOAD
1781,PREFETCH_SUCCESS,cpu0_L2C,78007570,0,0,0
1782,PREFETCH_SUCCESS,cpu0_L2C,78007571,0,0,0
1783,CACHE_OPERATE,cpu0_L2C,17681801,4201057,0,LOAD
1783,PREFETCH_SUCCESS,cpu0_L2C,17681810,0,0,0
1784,CACHE_OPERATE,cpu0_L2C,48234761,4201071,0,LOAD
1784,PREFETCH_SUCCESS,cpu0_L2C,48234770,0,0,0
1785,PREFETCH_SUCCESS,cpu0_L2C,48234771,0,0,0
1788,CACHE_OPERATE,cpu0_L2C,26079049,4201094,0,LOAD
1788,PREFETCH_SUCCESS,cpu0_L2C,26079058,0,0,0
1789,CACHE_OPERATE,cpu0_L2C,52174345,4201107,0,LOAD
1789,PREFETCH_SUCCESS,cpu0_L2C,52174354,0,0,0
1790,PREFETCH_SUCCESS,cpu0_L2C,52174355,0,0,0
1937,CACHE_OPERATE,cpu0_L2C,102137162,4201008,0,LOAD
1937,PREFETCH_SUCCESS,cpu0_L2C,102137171,0,0,0
1938,PREFETCH_SUCCESS,cpu0_L2C,102137172,0,0,0
1946,CACHE_OPERATE,cpu0_L2C,111930890,4201020,0,LOAD
1946,PREFETCH_SUCCESS,cpu0_L2C,111930899,0,0,0
1947,CACHE_OPERATE,cpu0_L2C,78007562,4201044,0,LOAD
1947,PREFETCH_SUCCESS,cpu0_L2C,78007571,0,0,0
1948,CACHE_OPERATE,cpu0_L2C,17681802,4201057,0,LOAD
1948,PREFETCH_SUCCESS,cpu0_L2C,17681811,0,0,0
1949,CACHE_OPERATE,cpu0_L2C,48234762,4201071,0,LOAD
1949,PREFETCH_SUCCESS,cpu0_L2C,48234771,0,0,0
1950,CACHE_OPERATE,cpu0_L2C,26079050,4201094,0,LOAD
1950,PREFETCH_SUCCESS,cpu0_L2C,26079059,0,0,0
1951,CACHE_OPERATE,cpu0_L2C,52174346,4201107,0,LOAD
1951,PREFETCH_SUCCESS,cpu0_L2C,52174355,0,0,0
1952,PREFETCH_SUCCESS,cpu0_L2C,52174356,0,0,0
1953,CACHE_OPERATE,cpu0_L2C,102137163,4201008,1,LOAD
1953,PREFETCH_SUCCESS,cpu0_L2C,102137172,0,0,0
1954,CACHE_OPERATE,cpu0_L2C,111930891,4201020,1,LOAD
1954,PREFETCH_SUCCESS,cpu0_L2C,111930900,0,0,0
1955,CACHE_OPERATE,cpu0_L2C,78007563,4201044,1,LOAD
1955,PREFETCH_SUCCESS,cpu0_L2C,78007572,0,0,0
1956,CACHE_OPERATE,cpu0_L2C,17681803,4201057,1,LOAD
1956,PREFETCH_SUCCESS,cpu0_L2C,17681812,0,0,0
1957,CACHE_OPERATE,cpu0_L2C,48234763,4201071,1,LOAD
1957,PREFETCH_SUCCESS,cpu0_L2C,48234772,0,0,0
1958,CACHE_OPERATE,cpu0_L2C,26079051,4201094,1,LOAD
1958,PREFETCH_SUCCESS,cpu0_L2C,26079060,0,0,0
1959,PREFETCH_SUCCESS,cpu0_L2C,26079061,0,0,0
1960,CACHE_OPERATE,cpu0_L2C,52174347,4201107,1,LOAD
1960,PREFETCH_SUCCESS,cpu0_L2C,52174356,0,0,0
1961,PREFETCH_SUCCESS,cpu0_L2C,52174357,0,0,0
2147,CACHE_OPERATE,cpu0_L2C,102137164,4201008,1,LOAD
2147,PREFETCH_SUCCESS,cpu0_L2C,102137173,0,0,0
2148,PREFETCH_SUCCESS,cpu0_L2C,102137174,0,0,0
2149,CACHE_OPERATE,cpu0_L2C,111930892,4201020,0,LOAD
2149,PREFETCH_SUCCESS,cpu0_L2C,111930901,0,0,0
2150,CACHE_OPERATE,cpu0_L2C,78007564,4201044,0,LOAD
2150,PREFETCH_SUCCESS,cpu0_L2C,78007573,0,0,0
2151,CACHE_OPERATE,cpu0_L2C,17681804,4201057,1,LOAD
2151,PREFETCH_SUCCESS,cpu0_L2C,17681813,0,0,0
2152,PREFETCH_SUCCESS,cpu0_L2C,17681814,0,0,0
2159,CACHE_OPERATE,cpu0_L2C,48234764,4201071,0,LOAD
2159,PREFETCH_SUCCESS,cpu0_L2C,48234773,0,0,0
2160,PREFETCH_SUCCESS,cpu0_L2C,48234774,0,0,0
2161,CACHE_OPERATE,cpu0_L2C,26079052,4201094,0,LOAD
2161,PREFETCH_SUCCESS,cpu0_L2C,26079061,0,0,0
2162,CACHE_OPERATE,cpu0_L2C,52174348,4201107,1,LOAD
2162,PREFETCH_SUCCESS,cpu0_L2C,52174357,0,0,0
2163,PREFETCH_SUCCESS,cpu0_L2C,52174358,0,0,0
2366,CACHE_OPERATE,cpu0_L2C,95178497,4201034,0,LOAD
2388,CACHE_OPERATE,cpu0_L2C,102137165,4201008,1,LOAD
2388,PREFETCH_SUCCESS,cpu0_L2C,102137174,0,0,0
2389,PREFETCH_SUCCESS,cpu0_L2C,102137175,0,0,0
2398,CACHE_OPERATE,cpu0_L2C,111930893,4201020,1,LOAD
2398,PREFETCH_SUCCESS,cpu0_L2C,111930902,0,0,0
2399,CACHE_OPERATE,cpu0_L2C,78007565,4201044,1,LOAD
2399,PREFETCH_SUCCESS,cpu0_L2C,78007574,0,0,0
2400,CACHE_OPERATE,cpu0_L2C,72525764,4201049,0,LOAD
2400,PREFETCH_SUCCESS,cpu0_L2C,72525773,0,0,0
2401,CACHE_OPERATE,cpu0_L2C,17681805,4201057,1,LOAD
2401,PREFETCH_SUCCESS,cpu0_L2C,17681814,0,0,0
2402,CACHE_OPERATE,cpu0_L2C,123893387,4201062,0,LOAD
2402,PREFETCH_SUCCESS,cpu0_L2C,123893396,0,0,0
2403,CACHE_OPERATE,cpu0_L2C,48234765,4201071,1,LOAD
2403,PREFETCH_SUCCESS,cpu0_L2C,48234774,0,0,0
2404,CACHE_OPERATE,cpu0_L2C,26079053,4201094,1,LOAD
2404,PREFETCH_SUCCESS,cpu0_L2C,26079062,0,0,0
2405,CACHE_OPERATE,cpu0_L2C,87673149,4201099,0,LOAD
2406,CACHE_OPERATE,cpu0_L2C,52174349,4201107,1,LOAD
2406,PREFETCH_SUCCESS,cpu0_L2C,52174358,0,0,0
2407,CACHE_OPERATE,cpu0_L2C,5746294,4201112,0,LOAD
2407,PREFETCH_SUCCESS,cpu0_L2C,5746303,0,0,0
2412,CACHE_OPERATE,cpu0_L2C,102137166,4201008,1,LOAD
2412,PREFETCH_SUCCESS,cpu0_L2C,102137175,0,0,0
2413,PREFETCH_SUCCESS,cpu0_L2C,102137176,0,0,0
2416,CACHE_OPERATE,cpu0_L2C,111930894,4201020,0,LOAD
2416,PREFETCH_SUCCESS,cpu0_L2C,111930903,0,0,0
2417,CACHE_OPERATE,cpu0_L2C,78007566,4201044,1,LOAD
2417,PREFETCH_SUCCESS,cpu0_L2C,78007575,0,0,0
2418,PREFETCH_SUCCESS,cpu0_L2C,78007576,0,0,0
2423,CACHE_OPERATE,cpu0_L2C,17681806,4201057,1,LOAD
2423,PREFETCH_SUCCESS,cpu0_L2C,17681815,0,0,0
2424,PREFETCH_SUCCESS,cpu0_L2C,17681816,0,0,0
2425,CACHE_OPERATE,cpu0_L2C,48234766,4201071,1,LOAD
2425,PREFETCH_SUCCESS,cpu0_L2C,48234775,0,0,0
2426,CACHE_OPERATE,cpu0_L2C,26079054,4201094,0,LOAD
2426,PREFETCH_SUCCESS,cpu0_L2C,26079063,0,0,0
2427,CACHE_OPERATE,cpu0_L2C,52174350,4201107,1,LOAD
2427,PREFETCH_SUCCESS,cpu0_L2C,52174359,0,0,0
2428,PREFETCH_SUCCESS,cpu0_L2C,52174360,0,0,0
2520,CACHE_OPERATE,cpu0_L2C,102137167,4201008,1,LOAD
2520,PREFETCH_SUCCESS,cpu0_L2C,102137176,0,0,0
2521,PREFETCH_SUCCESS,cpu0_L2C,102137177,0,0,0
2522,CACHE_OPERATE,cpu0_L2C,111930895,4201020,1,LOAD
2522,PREFETCH_SUCCESS,cpu0_L2C,111930904,0,0,0
2523,CACHE_OPERATE,cpu0_L2C,78007567,4201044,1,LOAD
2523,PREFETCH_SUCCESS,cpu0_L2C,78007576,0,0,0
2524,CACHE_OPERATE,cpu0_L2C,17681807,4201057,1,LOAD
2524,PREFETCH_SUCCESS,cpu0_L2C,17681816,0,0,0
2525,PREFETCH_SUCCESS,cpu0_L2C,17681817,0,0,0
2533,CACHE_OPERATE,cpu0_L2C,48234767,4201071,1,LOAD
2533,PREFETCH_SUCCESS,cpu0_L2C,48234776,0,0,0
2534,CACHE_OPERATE,cpu0_L2C,26079055,4201094,1,LOAD
2534,PREFETCH_SUCCESS,cpu0_L2C,26079064,0,0,0
2535,CACHE_OPERATE,cpu0_L2C,52174351,4201107,1,LOAD
2535,PREFETCH_SUCCESS,cpu0_L2C,52174360,0,0,0
2536,PREFETCH_SUCCESS,cpu0_L2C,52174361,0,0,0
2855,CACHE_OPERATE,cpu0_L2C,102137168,4201008,1,LOAD
2855,PREFETCH_SUCCESS,cpu0_L2C,102137177,0,0,0
2856,PREFETCH_SUCCESS,cpu0_L2C,102137178,0,0,0
2865,CACHE_OPERATE,cpu0_L2C,111930896,4201020,1,LOAD
2865,PREFETCH_SUCCESS,cpu0_L2C,111930905,0,0,0
2866,CACHE_OPERATE,cpu0_L2C,78007568,4201044,1,LOAD
2866,PREFETCH_SUCCESS,cpu0_L2C,78007577,0,0,0
2867,CACHE_OPERATE,cpu0_L2C,17681808,4201057,1,LOAD
2867,PREFETCH_SUCCESS,cpu0_L2C,17681817,0,0,0
2868,CACHE_OPERATE,cpu0_L2C,48234768,4201071,1,LOAD
2868,PREFETCH_SUCCESS,cpu0_L2C,48234777,0,0,0
2869,CACHE_OPERATE,cpu0_L2C,26079056,4201094,1,LOAD
2869,PREFETCH_SUCCESS,cpu0_L2C,26079065,0,0,0
2870,CACHE_OPERATE,cpu0_L2C,52174352,4201107,1,LOAD
2870,PREFETCH_SUCCESS,cpu0_L2C,52174361,0,0,0
2871,PREFETCH_SUCCESS,cpu0_L2C,52174362,0,0,0
2888,CACHE_OPERATE,cpu0_L2C,102137169,4201008,1,LOAD
2888,PREFETCH_SUCCESS,cpu0_L2C,102137178,0,0,0
2889,CACHE_OPERATE,cpu0_L2C,95178498,4201034,0,LOAD
2889,PREFETCH_SUCCESS,cpu0_L2C,95178507,0,0,0
2890,CACHE_OPERATE,cpu0_L2C,111930897,4201020,1,LOAD
2890,PREFETCH_SUCCESS,cpu0_L2C,111930906,0,0,0
2891,CACHE_OPERATE,cpu0_L2C,78007569,4201044,1,LOAD
2891,PREFETCH_SUCCESS,cpu0_L2C,78007578,0,0,0
2892,CACHE_OPERATE,cpu0_L2C,17681809,4201057,1,LOAD
2892,PREFETCH_SUCCESS,cpu0_L2C,17681818,0,0,0
2893,CACHE_OPERATE,cpu0_L2C,48234769,4201071,1,LOAD
2893,PREFETCH_SUCCESS,cpu0_L2C,48234778,0,0,0
2894,CACHE_OPERATE,cpu0_L2C,26079057,4201094,1,LOAD
2894,PREFETCH_SUCCESS,cpu0_L2C,26079066,0,0,0
2895,CACHE_OPERATE,cpu0_L2C,52174353,4201107,1,LOAD
2895,PREFETCH_SUCCESS,cpu0_L2C,52174362,0,0,0
2896,CACHE_OPERATE,cpu0_L2C,102137170,4201008,1,LOAD
2896,PREFETCH_SUCCESS,cpu0_L2C,102137179,0,0,0
2897,PREFETCH_SUCCESS,cpu0_L2C,102137180,0,0,0
2898,CACHE_OPERATE,cpu0_L2C,111930898,4201020,1,LOAD
2898,PREFETCH_SUCCESS,cpu0_L2C,111930907,0,0,0
2899,CACHE_OPERATE,cpu0_L2C,78007570,4201044,1,LOAD
2899,PREFETCH_SUCCESS,cpu0_L2C,78007579,0,0,0
2900,CACHE_OPERATE,cpu0_L2C,72525765,4201049,0,LOAD
2900,PREFETCH_SUCCESS,cpu0_L2C,78007580,0,0,0
2901,CACHE_OPERATE,cpu0_L2C,17681810,4201057,1,LOAD
2901,PREFETCH_SUCCESS,cpu0_L2C,17681819,0,0,0
2902,PREFETCH_SUCCESS,cpu0_L2C,17681820,0,0,0
2911,CACHE_OPERATE,cpu0_L2C,123893388,4201062,0,LOAD
2912,CACHE_OPERATE,cpu0_L2C,48234770,4201071,1,LOAD
2912,PREFETCH_SUCCESS,cpu0_L2C,48234779,0,0,0
2913,CACHE_OPERATE,cpu0_L2C,26079058,4201094,1,LOAD
2913,PREFETCH_SUCCESS,cpu0_L2C,26079067,0,0,0
2914,CACHE_OPERATE,cpu0_L2C,87673150,4201099,0,LOAD
2914,PREFETCH_SUCCESS,cpu0_L2C,26079068,0,0,0
2915,CACHE_OPERATE,cpu0_L2C,52174354,4201107,1,LOAD
2915,PREFETCH_SUCCESS,cpu0_L2C,52174363,0,0,0
2916,CACHE_OPERATE,cpu0_L2C,5746295,4201112,0,LOAD
2916,PREFETCH_SUCCESS,cpu0_L2C,52174364,0,0,0
3322,CACHE_OPERATE,cpu0_L2C,102137171,4201008,1,LOAD
3322,PREFETCH_SUCCESS,cpu0_L2C,102137180,0,0,0
3323,PREFETCH_SUCCESS,cpu0_L2C,102137181,0,0,0
3332,CACHE_OPERATE,cpu0_L2C,111930899,4201020,1,LOAD
3332,PREFETCH_SUCCESS,cpu0_L2C,111930908,0,0,0
3333,CACHE_OPERATE,cpu0_L2C,78007571,4201044,1,LOAD
3333,PREFETCH_SUCCESS,cpu0_L2C,78007580,0,0,0
3334,CACHE_OPERATE,cpu0_L2C,17681811,4201057,1,LOAD
3334,PREFETCH_SUCCESS,cpu0_L2C,17681820,0,0,0
3335,CACHE_OPERATE,cpu0_L2C,48234771,4201071,1,LOAD
3335,PREFETCH_SUCCESS,cpu0_L2C,48234780,0,0,0
3336,CACHE_OPERATE,cpu0_L2C,26079059,4201094,1,LOAD
3336,PREFETCH_SUCCESS,cpu0_L2C,26079068,0,0,0
3337,CACHE_OPERATE,cpu0_L2C,52174355,4201107,1,LOAD
3337,PREFETCH_SUCCESS,cpu0_L2C,52174364,0,0,0
3338,PREFETCH_SUCCESS,cpu0_L2C,52174365,0,0,0
3355,CACHE_OPERATE,cpu0_L2C,102137172,4201008,1,LOAD
3355,PREFETCH_SUCCESS,cpu0_L2C,102137181,0,0,0
3356,CACHE_OPERATE,cpu0_L2C,111930900,4201020,1,LOAD
3356,PREFETCH_SUCCESS,cpu0_L2C,111930909,0,0,0
3357,CACHE_OPERATE,cpu0_L2C,78007572,4201044,1,LOAD
3357,PREFETCH_SUCCESS,cpu0_L2C,78007581,0,0,0
3358,CACHE_OPERATE,cpu0_L2C,17681812,4201057,1,LOAD
3358,PREFETCH_SUCCESS,cpu0_L2C,17681821,0,0,0
3359,CACHE_OPERATE,cpu0_L2C,48234772,4201071,1,LOAD
3359,PREFETCH_SUCCESS,cpu0_L2C,48234781,0,0,0
3360,CACHE_OPERATE,cpu0_L2C,26079060,4201094,1,LOAD
3360,PREFETCH_SUCCESS,cpu0_L2C,26079069,0,0,0
3361,CACHE_OPERATE,cpu0_L2C,52174356,4201107,1,LOAD
3361,PREFETCH_SUCCESS,cpu0_L2C,52174365,0,0,0
3362,PREFETCH_SUCCESS,cpu0_L2C,52174366,0,0,0
3363,CACHE_OPERATE,cpu0_L2C,102137173,4201008,1,LOAD
3363,PREFETCH_SUCCESS,cpu0_L2C,102137182,0,0,0
3364,PREFETCH_SUCCESS,cpu0_L2C,102137183,0,0,0
3367,CACHE_OPERATE,cpu0_L2C,111930901,4201020,1,LOAD
3367,PREFETCH_SUCCESS,cpu0_L2C,111930910,0,0,0
3368,CACHE_OPERATE,cpu0_L2C,78007573,4201044,1,LOAD
3368,PREFETCH_SUCCESS,cpu0_L2C,78007582,0,0,0
3369,PREFETCH_SUCCESS,cpu0_L2C,78007583,0,0,0
3377,CACHE_OPERATE,cpu0_L2C,17681813,4201057,1,LOAD
3377,PREFETCH_SUCCESS,cpu0_L2C,17681822,0,0,0
3378,CACHE_OPERATE,cpu0_L2C,48234773,4201071,1,LOAD
3378,PREFETCH_SUCCESS,cpu0_L2C,48234782,0,0,0
3379,CACHE_OPERATE,cpu0_L2C,26079061,4201094,1,LOAD
3379,PREFETCH_SUCCESS,cpu0_L2C,26079070,0,0,0
3380,CACHE_OPERATE,cpu0_L2C,52174357,4201107,1,LOAD
3380,PREFETCH_SUCCESS,cpu0_L2C,52174366,0,0,0
3381,PREFETCH_SUCCESS,cpu0_L2C,52174367,0,0,0
3789,CACHE_OPERATE,cpu0_L2C,102137174,4201008,1,LOAD
3789,PREFETCH_SUCCESS,cpu0_L2C,102137183,0,0,0
3790,PREFETCH_SUCCESS,cpu0_L2C,102137184,0,0,0
3809,CACHE_OPERATE,cpu0_L2C,95178499,4201034,0,LOAD
3810,CACHE_OPERATE,cpu0_L2C,111930902,4201020,1,LOAD
3810,PREFETCH_SUCCESS,cpu0_L2C,111930911,0,0,0
3811,CACHE_OPERATE,cpu0_L2C,78007574,4201044,1,LOAD
3811,PREFETCH_SUCCESS,cpu0_L2C,78007583,0,0,0
3812,CACHE_OPERATE,cpu0_L2C,17681814,4201057,1,LOAD
3812,PREFETCH_SUCCESS,cpu0_L2C,17681823,0,0,0
3813,CACHE_OPERATE,cpu0_L2C,48234774,4201071,1,LOAD
3813,PREFETCH_SUCCESS,cpu0_L2C,48234783,0,0,0
3814,CACHE_OPERATE,cpu0_L2C,26079062,4201094,1,LOAD
3814,PREFETCH_SUCCESS,cpu0_L2C,26079071,0,0,0
3815,CACHE_OPERATE,cpu0_L2C,52174358,4201107,1,LOAD
3815,PREFETCH_SUCCESS,cpu0_L2C,52174367,0,0,0
3816,CACHE_OPERATE,cpu0_L2C,102137175,4201008,1,LOAD
3816,PREFETCH_SUCCESS,cpu0_L2C,102137184,0,0,0
3817,CACHE_OPERATE,cpu0_L2C,111930903,4201020,1,LOAD
3817,PREFETCH_SUCCESS,cpu0_L2C,111930912,0,0,0
3818,CACHE_OPERATE,cpu0_L2C,78007575,4201044,1,LOAD
3818,PREFETCH_SUCCESS,cpu0_L2C,78007584,0,0,0
3819,CACHE_OPERATE,cpu0_L2C,72525766,4201049,0,LOAD
3819,PREFETCH_SUCCESS,cpu0_L2C,72525775,0,0,0
3820,CACHE_OPERATE,cpu0_L2C,17681815,4201057,1,LOAD
3820,PREFETCH_SUCCESS,cpu0_L2C,17681824,0,0,0
3821,CACHE_OPERATE,cpu0_L2C,123893389,4201062,0,LOAD
3821,PREFETCH_SUCCESS,cpu0_L2C,123893398,0,0,0
3822,CACHE_OPERATE,cpu0_L2C,48234775,4201071,1,LOAD
3822,PREFETCH_SUCCESS,cpu0_L2C,48234784,0,0,0
3823,CACHE_OPERATE,cpu0_L2C,26079063,4201094,1,LOAD
3823,PREFETCH_SUCCESS,cpu0_L2C,26079072,0,0,0
3824,CACHE_OPERATE,cpu0_L2C,87673151,4201099,0,LOAD
3825,CACHE_OPERATE,cpu0_L2C,52174359,4201107,1,LOAD
3825,PREFETCH_SUCCESS,cpu0_L2C,52174368,0,0,0
3826,CACHE_OPERATE,cpu0_L2C,5746296,4201112,0,LOAD
3831,CACHE_OPERATE,cpu0_L2C,102137176,4201008,1,LOAD
3831,PREFETCH_SUCCESS,cpu0_L2C,102137185,0,0,0
3832,CACHE_OPERATE,cpu0_L2C,111930904,4201020,1,LOAD
3832,PREFETCH_SUCCESS,cpu0_L2C,111930913,0,0,0
3833,CACHE_OPERATE,cpu0_L2C,78007576,4201044,1,LOAD
3833,PREFETCH_SUCCESS,cpu0_L2C,78007585,0,0,0
3834,CACHE_OPERATE,cpu0_L2C,17681816,4201057,1,LOAD
3834,PREFETCH_SUCCESS,cpu0_L2C,17681825,0,0,0
3835,CACHE_OPERATE,cpu0_L2C,48234776,4201071,1,LOAD
3835,PREFETCH_SUCCESS,cpu0_L2C,48234785,0,0,0
3836,CACHE_OPERATE,cpu0_L2C,26079064,4201094,1,LOAD
3837,CACHE_OPERATE,cpu0_L2C,52174360,4201107,1,LOAD
3838,PREFETCH_SUCCESS,cpu0_L2C,52174369,0,0,0
3839,PREFETCH_SUCCESS,cpu0_L2C,52174370,0,0,0
4519,CACHE_OPERATE,cpu0_L2C,102137177,4201008,1,LOAD
4519,PREFETCH_SUCCESS,cpu0_L2C,102137186,0,0,0
4520,CACHE_OPERATE,cpu0_L2C,111930905,4201020,1,LOAD
4520,PREFETCH_SUCCESS,cpu0_L2C,111930914,0,0,0
4521,PREFETCH_SUCCESS,cpu0_L2C,111930915,0,0,0
4526,CACHE_OPERATE,cpu0_L2C,78007577,4201044,1,LOAD
4526,PREFETCH_SUCCESS,cpu0_L2C,78007586,0,0,0
4527,PREFETCH_SUCCESS,cpu0_L2C,78007587,0,0,0
4528,CACHE_OPERATE,cpu0_L2C,17681817,4201057,1,LOAD
4528,PREFETCH_SUCCESS,cpu0_L2C,17681826,0,0,0
4529,CACHE_OPERATE,cpu0_L2C,48234777,4201071,1,LOAD
4529,PREFETCH_SUCCESS,cpu0_L2C,48234786,0,0,0
4530,PREFETCH_SUCCESS,cpu0_L2C,48234787,0,0,0
4534,CACHE_OPERATE,cpu0_L2C,26079065,4201094,1,LOAD
4534,PREFETCH_SUCCESS,cpu0_L2C,26079074,0,0,0
4535,PREFETCH_SUCCESS,cpu0_L2C,26079075,0,0,0
4541,CACHE_OPERATE,cpu0_L2C,102137178,4201008,1,LOAD
4541,PREFETCH_SUCCESS,cpu0_L2C,102137187,0,0,0
4542,CACHE_OPERATE,cpu0_L2C,111930906,4201020,1,LOAD
4542,PREFETCH_SUCCESS,cpu0_L2C,111930915,0,0,0
4543,CACHE_OPERATE,cpu0_L2C,78007578,4201044,1,LOAD
4543,PREFETCH_SUCCESS,cpu0_L2C,78007587,0,0,0
4544,CACHE_OPERATE,cpu0_L2C,17681818,4201057,1,LOAD
4544,PREFETCH_SUCCESS,cpu0_L2C,17681827,0,0,0
4545,CACHE_OPERATE,cpu0_L2C,48234778,4201071,1,LOAD
4545,PREFETCH_SUCCESS,cpu0_L2C,48234787,0,0,0
4546,CACHE_OPERATE,cpu0_L2C,26079066,4201094,1,LOAD
4546,PREFETCH_SUCCESS,cpu0_L2C,26079075,0,0,0
4547,CACHE_OPERATE,cpu0_L2C,52174361,4201107,1,LOAD
4547,PREFETCH_SUCCESS,cpu0_L2C,52174370,0,0,0
4548,CACHE_OPERATE,cpu0_L2C,52174362,4201107,1,LOAD
4548,PREFETCH_SUCCESS,cpu0_L2C,52174371,0,0,0
4549,PREFETCH_SUCCESS,cpu0_L2C,52174372,0,0,0
4562,CACHE_OPERATE,cpu0_L2C,102137179,4201008,1,LOAD
4562,PREFETCH_SUCCESS,cpu0_L2C,102137188,0,0,0
4563,PREFETCH_SUCCESS,cpu0_L2C,102137189,0,0,0
4568,CACHE_OPERATE,cpu0_L2C,111930907,4201020,1,LOAD
4568,PREFETCH_SUCCESS,cpu0_L2C,111930916,0,0,0
4569,CACHE_OPERATE,cpu0_L2C,78007579,4201044,1,LOAD
4569,PREFETCH_SUCCESS,cpu0_L2C,78007588,0,0,0
4570,CACHE_OPERATE,cpu0_L2C,17681819,4201057,1,LOAD
4570,PREFETCH_SUCCESS,cpu0_L2C,17681828,0,0,0
4571,CACHE_OPERATE,cpu0_L2C,48234779,4201071,1,LOAD
4571,PREFETCH_SUCCESS,cpu0_L2C,48234788,0,0,0
4572,CACHE_OPERATE,cpu0_L2C,26079067,4201094,1,LOAD
4572,PREFETCH_SUCCESS,cpu0_L2C,26079076,0,0,0
4573,CACHE_OPERATE,cpu0_L2C,52174363,4201107,1,LOAD
4573,PREFETCH_SUCCESS,cpu0_L2C,52174372,0,0,0
4574,PREFETCH_SUCCESS,cpu0_L2C,52174373,0,0,0
4593,CACHE_OPERATE,cpu0_L2C,95178500,4201034,0,LOAD
4593,PREFETCH_SUCCESS,cpu0_L2C,95178509,0,0,0
4594,PREFETCH_SUCCESS,cpu0_L2C,95178510,0,0,0
9245,CACHE_OPERATE,cpu0_L2C,102137180,4201008,1,LOAD
9245,PREFETCH_SUCCESS,cpu0_L2C,102137189,0,0,0
9246,CACHE_OPERATE,cpu0_L2C,111930908,4201020,1,LOAD
9246,PREFETCH_SUCCESS,cpu0_L2C,111930917,0,0,0
9247,CACHE_OPERATE,cpu0_L2C,78007580,4201044,1,LOAD
9247,PREFETCH_SUCCESS,cpu0_L2C,78007589,0,0,0
9248,CACHE_OPERATE,cpu0_L2C,17681820,4201057,1,LOAD
9248,PREFETCH_SUCCESS,cpu0_L2C,17681829,0,0,0
9249,CACHE_OPERATE,cpu0_L2C,48234780,4201071,1,LOAD
9249,PREFETCH_SUCCESS,cpu0_L2C,48234789,0,0,0
9250,CACHE_OPERATE,cpu0_L2C,26079068,4201094,1,LOAD
9250,PREFETCH_SUCCESS,cpu0_L2C,26079077,0,0,0
9251,PREFETCH_SUCCESS,cpu0_L2C,26079078,0,0,0
9281,CACHE_OPERATE,cpu0_L2C,102137181,4201008,1,LOAD
9281,PREFETCH_SUCCESS,cpu0_L2C,102137190,0,0,0
9282,CACHE_OPERATE,cpu0_L2C,111930909,4201020,1,LOAD
9282,PREFETCH_SUCCESS,cpu0_L2C,111930918,0,0,0
9283,CACHE_OPERATE,cpu0_L2C,78007581,4201044,1,LOAD
9283,PREFETCH_SUCCESS,cpu0_L2C,78007590,0,0,0
9284,CACHE_OPERATE,cpu0_L2C,17681821,4201057,1,LOAD
9284,PREFETCH_SUCCESS,cpu0_L2C,17681830,0,0,0
9285,CACHE_OPERATE,cpu0_L2C,48234781,4201071,1,LOAD
9285,PREFETCH_SUCCESS,cpu0_L2C,48234790,0,0,0
9286,CACHE_OPERATE,cpu0_L2C,26079069,4201094,1,LOAD
9286,PREFETCH_SUCCESS,cpu0_L2C,26079078,0,0,0
9287,CACHE_OPERATE,cpu0_L2C,52174364,4201107,1,LOAD
9287,PREFETCH_SUCCESS,cpu0_L2C,52174373,0,0,0
9288,CACHE_OPERATE,cpu0_L2C,72525767,4201049,0,LOAD
9288,PREFETCH_SUCCESS,cpu0_L2C,72525776,0,0,0
9289,CACHE_OPERATE,cpu0_L2C,123893390,4201062,0,LOAD
9289,PREFETCH_SUCCESS,cpu0_L2C,123893399,0,0,0
9290,PREFETCH_SUCCESS,cpu0_L2C,123893400,0,0,0
9296,CACHE_OPERATE,cpu0_L2C,132409216,4201099,0,LOAD
9298,CACHE_OPERATE,cpu0_L2C,52174365,4201107,1,LOAD
9298,PREFETCH_SUCCESS,cpu0_L2C,52174374,0,0,0
9299,PREFETCH_SUCCESS,cpu0_L2C,52174375,0,0,0
9308,CACHE_OPERATE,cpu0_L2C,17681822,4201057,1,LOAD
9308,PREFETCH_SUCCESS,cpu0_L2C,17681831,0,0,0
9309,CACHE_OPERATE,cpu0_L2C,102137182,4201008,1,LOAD
9309,PREFETCH_SUCCESS,cpu0_L2C,102137191,0,0,0
9310,CACHE_OPERATE,cpu0_L2C,111930910,4201020,1,LOAD
9310,PREFETCH_SUCCESS,cpu0_L2C,111930919,0,0,0
9311,CACHE_OPERATE,cpu0_L2C,78007582,4201044,1,LOAD
9311,PREFETCH_SUCCESS,cpu0_L2C,78007591,0,0,0
9312,CACHE_OPERATE,cpu0_L2C,48234782,4201071,1,LOAD
9312,PREFETCH_SUCCESS,cpu0_L2C,48234791,0,0,0
9313,PREFETCH_SUCCESS,cpu0_L2C,48234792,0,0,0
9314,CACHE_OPERATE,cpu0_L2C,26079070,4201094,1,LOAD
9314,PREFETCH_SUCCESS,cpu0_L2C,26079079,0,0,0
9315,CACHE_OPERATE,cpu0_L2C,52174366,4201107,1,LOAD
9315,PREFETCH_SUCCESS,cpu0_L2C,52174375,0,0,0
9316,PREFETCH_SUCCESS,cpu0_L2C,52174376,0,0,0
9324,CACHE_OPERATE,cpu0_L2C,5746297,4201112,0,LOAD
12552,CACHE_OPERATE,cpu0_L2C,102137183,4201008,1,LOAD
12552,PREFETCH_SUCCESS,cpu0_L2C,102137192,0,0,0
12553,CACHE_OPERATE,cpu0_L2C,111930911,4201020,1,LOAD
12553,PREFETCH_SUCCESS,cpu0_L2C,111930920,0,0,0
12554,CACHE_OPERATE,cpu0_L2C,78007583,4201044,1,LOAD
12554,PREFETCH_SUCCESS,cpu0_L2C,78007592,0,0,0
12555,CACHE_OPERATE,cpu0_L2C,17681823,4201057,1,LOAD
12555,PREFETCH_SUCCESS,cpu0_L2C,17681832,0,0,0
12556,CACHE_OPERATE,cpu0_L2C,48234783,4201071,1,LOAD
12556,PREFETCH_SUCCESS,cpu0_L2C,48234792,0,0,0
12557,CACHE_OPERATE,cpu0_L2C,26079071,4201094,1,LOAD
12557,PREFETCH_SUCCESS,cpu0_L2C,26079080,0,0,0
12558,PREFETCH_SUCCESS,cpu0_L2C,26079081,0,0,0
12571,CACHE_OPERATE,cpu0_L2C,52174367,4201107,1,LOAD
12571,PREFETCH_SUCCESS,cpu0_L2C,52174376,0,0,0
12572,PREFETCH_SUCCESS,cpu0_L2C,52174377,0,0,0
12672,CACHE_OPERATE,cpu0_L2C,102137184,4201008,1,LOAD
12672,PREFETCH_SUCCESS,cpu0_L2C,102137193,0,0,0
12673,CACHE_OPERATE,cpu0_L2C,111930912,4201020,1,LOAD
12673,PREFETCH_SUCCESS,cpu0_L2C,111930921,0,0,0
12674,CACHE_OPERATE,cpu0_L2C,78007584,4201044,1,LOAD
12674,PREFETCH_SUCCESS,cpu0_L2C,78007593,0,0,0
12675,CACHE_OPERATE,cpu0_L2C,17681824,4201057,1,LOAD
12675,PREFETCH_SUCCESS,cpu0_L2C,17681833,0,0,0
12676,CACHE_OPERATE,cpu0_L2C,48234784,4201071,1,LOAD
12676,PREFETCH_SUCCESS,cpu0_L2C,48234793,0,0,0
12677,CACHE_OPERATE,cpu0_L2C,26079072,4201094,1,LOAD
12677,PREFETCH_SUCCESS,cpu0_L2C,26079081,0,0,0
12678,PREFETCH_SUCCESS,cpu0_L2C,26079082,0,0,0
12680,CACHE_OPERATE,cpu0_L2C,52174368,4201107,1,LOAD
12680,PREFETCH_SUCCESS,cpu0_L2C,52174377,0,0,0
12681,PREFETCH_SUCCESS,cpu0_L2C,52174378,0,0,0
12688,CACHE_OPERATE,cpu0_L2C,78007585,4201044,1,LOAD
12688,PREFETCH_SUCCESS,cpu0_L2C,78007594,0,0,0
12689,CACHE_OPERATE,cpu0_L2C,17681825,4201057,1,LOAD
12689,PREFETCH_SUCCESS,cpu0_L2C,17681834,0,0,0
12690,CACHE_OPERATE,cpu0_L2C,48234785,4201071,1,LOAD
12690,PREFETCH_SUCCESS,cpu0_L2C,48234794,0,0,0
12691,CACHE_OPERATE,cpu0_L2C,26079073,4201094,0,LOAD
12691,PREFETCH_SUCCESS,cpu0_L2C,26079082,0,0,0
12692,CACHE_OPERATE,cpu0_L2C,52174369,4201107,1,LOAD
12692,PREFETCH_SUCCESS,cpu0_L2C,52174378,0,0,0
12693,CACHE_OPERATE,cpu0_L2C,102137185,4201008,1,LOAD
12693,PREFETCH_SUCCESS,cpu0_L2C,102137194,0,0,0
12694,CACHE_OPERATE,cpu0_L2C,111930913,4201020,1,LOAD
12694,PREFETCH_SUCCESS,cpu0_L2C,111930922,0,0,0
12695,PREFETCH_SUCCESS,cpu0_L2C,111930923,0,0,0
12715,CACHE_OPERATE,cpu0_L2C,95178501,4201034,0,LOAD
12718,CACHE_OPERATE,cpu0_L2C,72525768,4201049,0,LOAD
12718,PREFETCH_SUCCESS,cpu0_L2C,72525777,0,0,0
12719,CACHE_OPERATE,cpu0_L2C,123893391,4201062,0,LOAD
12719,PREFETCH_SUCCESS,cpu0_L2C,123893400,0,0,0
12720,PREFETCH_SUCCESS,cpu0_L2C,123893401,0,0,0
12721,CACHE_OPERATE,cpu0_L2C,5746298,4201112,0,LOAD
14535,CACHE_OPERATE,cpu0_L2C,132409217,4201099,0,LOAD
16069,CACHE_OPERATE,cpu0_L2C,102137186,4201008,0,LOAD
16069,PREFETCH_SUCCESS,cpu0_L2C,102137195,0,0,0
16070,CACHE_OPERATE,cpu0_L2C,111930914,4201020,0,LOAD
16070,PREFETCH_SUCCESS,cpu0_L2C,111930923,0,0,0
16071,CACHE_OPERATE,cpu0_L2C,78007586,4201044,0,LOAD
16071,PREFETCH_SUCCESS,cpu0_L2C,78007595,0,0,0
16072,CACHE_OPERATE,cpu0_L2C,17681826,4201057,0,LOAD
16072,PREFETCH_SUCCESS,cpu0_L2C,17681835,0,0,0
16073,CACHE_OPERATE,cpu0_L2C,48234786,4201071,0,LOAD
16073,PREFETCH_SUCCESS,cpu0_L2C,48234795,0,0,0
16074,CACHE_OPERATE,cpu0_L2C,26079074,4201094,0,LOAD
16074,PREFETCH_SUCCESS,cpu0_L2C,26079083,0,0,0
16075,PREFETCH_SUCCESS,cpu0_L2C,26079084,0,0,0
16092,CACHE_OPERATE,cpu0_L2C,52174370,4201107,1,LOAD
16092,PREFETCH_SUCCESS,cpu0_L2C,52174379,0,0,0
16093,PREFETCH_SUCCESS,cpu0_L2C,52174380,0,0,0
16283,CACHE_OPERATE,cpu0_L2C,102137187,4201008,0,LOAD
16283,PREFETCH_SUCCESS,cpu0_L2C,102137196,0,0,0
16284,CACHE_OPERATE,cpu0_L2C,111930915,4201020,0,LOAD
16284,PREFETCH_SUCCESS,cpu0_L2C,111930924,0,0,0
16285,CACHE_OPERATE,cpu0_L2C,78007587,4201044,0,LOAD
16285,PREFETCH_SUCCESS,cpu0_L2C,78007596,0,0,0
16286,CACHE_OPERATE,cpu0_L2C,17681827,4201057,0,LOAD
16286,PREFETCH_SUCCESS,cpu0_L2C,17681836,0,0,0
16287,CACHE_OPERATE,cpu0_L2C,48234787,4201071,0,LOAD
16287,PREFETCH_SUCCESS,cpu0_L2C,48234796,0,0,0
16288,CACHE_OPERATE,cpu0_L2C,26079075,4201094,0,LOAD
16288,PREFETCH_SUCCESS,cpu0_L2C,26079084,0,0,0
16289,PREFETCH_SUCCESS,cpu0_L2C,26079085,0,0,0
16291,CACHE_OPERATE,cpu0_L2C,52174371,4201107,0,LOAD
16291,PREFETCH_SUCCESS,cpu0_L2C,52174380,0,0,0
16292,PREFETCH_SUCCESS,cpu0_L2C,52174381,0,0,0
16299,CACHE_OPERATE,cpu0_L2C,78007588,4201044,0,LOAD
16299,PREFETCH_SUCCESS,cpu0_L2C,78007597,0,0,0
16300,CACHE_OPERATE,cpu0_L2C,17681828,4201057,0,LOAD
16300,PREFETCH_SUCCESS,cpu0_L2C,17681837,0,0,0
16301,CACHE_OPERATE,cpu0_L2C,48234788,4201071,0,LOAD
16301,PREFETCH_SUCCESS,cpu0_L2C,48234797,0,0,0
16302,CACHE_OPERATE,cpu0_L2C,26079076,4201094,0,LOAD
16302,PREFETCH_SUCCESS,cpu0_L2C,26079085,0,0,0
16303,CACHE_OPERATE,cpu0_L2C,52174372,4201107,0,LOAD
16303,PREFETCH_SUCCESS,cpu0_L2C,52174381,0,0,0
16304,CACHE_OPERATE,cpu0_L2C,102137188,4201008,0,LOAD
16304,PREFETCH_SUCCESS,cpu0_L2C,102137197,0,0,0
16305,CACHE_OPERATE,cpu0_L2C,111930916,4201020,0,LOAD
16305,PREFETCH_SUCCESS,cpu0_L2C,111930925,0,0,0
16306,PREFETCH_SUCCESS,cpu0_L2C,111930926,0,0,0
16509,CACHE_OPERATE,cpu0_L2C,78007589,4201044,1,LOAD
16509,PREFETCH_SUCCESS,cpu0_L2C,78007598,0,0,0
16510,PREFETCH_SUCCESS,cpu0_L2C,78007599,0,0,0
16514,CACHE_OPERATE,cpu0_L2C,102137189,4201008,1,LOAD
16514,PREFETCH_SUCCESS,cpu0_L2C,102137198,0,0,0
16515,CACHE_OPERATE,cpu0_L2C,111930917,4201020,1,LOAD
16515,PREFETCH_SUCCESS,cpu0_L2C,111930926,0,0,0
16516,CACHE_OPERATE,cpu0_L2C,17681829,4201057,1,LOAD
16516,PREFETCH_SUCCESS,cpu0_L2C,17681838,0,0,0
16517,CACHE_OPERATE,cpu0_L2C,48234789,4201071,1,LOAD
16517,PREFETCH_SUCCESS,cpu0_L2C,48234798,0,0,0
16518,PREFETCH_SUCCESS,cpu0_L2C,48234799,0,0,0
16521,CACHE_OPERATE,cpu0_L2C,26079077,4201094,1,LOAD
16521,PREFETCH_SUCCESS,cpu0_L2C,26079086,0,0,0
16522,PREFETCH_SUCCESS,cpu0_L2C,26079087,0,0,0
16538,CACHE_OPERATE,cpu0_L2C,52174373,4201107,1,LOAD
16538,PREFETCH_SUCCESS,cpu0_L2C,52174382,0,0,0
16539,PREFETCH_SUCCESS,cpu0_L2C,52174383,0,0,0
16793,CACHE_OPERATE,cpu0_L2C,102137190,4201008,1,LOAD
16793,PREFETCH_SUCCESS,cpu0_L2C,102137199,0,0,0
16794,CACHE_OPERATE,cpu0_L2C,111930918,4201020,1,LOAD
16794,PREFETCH_SUCCESS,cpu0_L2C,111930927,0,0,0
16795,PREFETCH_SUCCESS,cpu0_L2C,111930928,0,0,0
16800,CACHE_OPERATE,cpu0_L2C,78007590,4201044,1,LOAD
16800,PREFETCH_SUCCESS,cpu0_L2C,78007599,0,0,0
16801,PREFETCH_SUCCESS,cpu0_L2C,78007600,0,0,0
16802,CACHE_OPERATE,cpu0_L2C,17681830,4201057,1,LOAD
16802,PREFETCH_SUCCESS,cpu0_L2C,17681839,0,0,0
16803,CACHE_OPERATE,cpu0_L2C,48234790,4201071,1,LOAD
16803,PREFETCH_SUCCESS,cpu0_L2C,48234799,0,0,0
16804,PREFETCH_SUCCESS,cpu0_L2C,48234800,0,0,0
16808,CACHE_OPERATE,cpu0_L2C,26079078,4201094,1,LOAD
16808,PREFETCH_SUCCESS,cpu0_L2C,26079087,0,0,0
16809,PREFETCH_SUCCESS,cpu0_L2C,26079088,0,0,0
16818,CACHE_OPERATE,cpu0_L2C,95178502,4201034,0,LOAD
16818,PREFETCH_SUCCESS,cpu0_L2C,95178511,0,0,0
16819,PREFETCH_SUCCESS,cpu0_L2C,95178512,0,0,0
16820,CACHE_OPERATE,cpu0_L2C,52174374,4201107,1,LOAD
16820,PREFETCH_SUCCESS,cpu0_L2C,52174383,0,0,0
16821,PREFETCH_SUCCESS,cpu0_L2C,52174384,0,0,0
16833,CACHE_OPERATE,cpu0_L2C,48234791,4201071,0,LOAD
16833,PREFETCH_SUCCESS,cpu0_L2C,48234800,0,0,0
16834,CACHE_OPERATE,cpu0_L2C,26079079,4201094,0,LOAD
16834,PREFETCH_SUCCESS,cpu0_L2C,26079088,0,0,0
16835,CACHE_OPERATE,cpu0_L2C,102137191,4201008,0,LOAD
16835,PREFETCH_SUCCESS,cpu0_L2C,102137200,0,0,0
16836,CACHE_OPERATE,cpu0_L2C,111930919,4201020,0,LOAD
16836,PREFETCH_SUCCESS,cpu0_L2C,111930928,0,0,0
16837,CACHE_OPERATE,cpu0_L2C,78007591,4201044,0,LOAD
16837,PREFETCH_SUCCESS,cpu0_L2C,78007600,0,0,0
16838,CACHE_OPERATE,cpu0_L2C,17681831,4201057,0,LOAD
16838,PREFETCH_SUCCESS,cpu0_L2C,17681840,0,0,0
16839,CACHE_OPERATE,cpu0_L2C,52174375,4201107,1,LOAD
16839,PREFETCH_SUCCESS,cpu0_L2C,52174384,0,0,0
16840,PREFETCH_SUCCESS,cpu0_L2C,52174385,0,0,0
16844,CACHE_OPERATE,cpu0_L2C,72525769,4201049,0,LOAD
16844,PREFETCH_SUCCESS,cpu0_L2C,72525778,0,0,0
16845,CACHE_OPERATE,cpu0_L2C,123893392,4201062,0,LOAD
16845,PREFETCH_SUCCESS,cpu0_L2C,123893401,0,0,0
16846,PREFETCH_SUCCESS,cpu0_L2C,123893402,0,0,0
16850,CACHE_OPERATE,cpu0_L2C,132409218,4201099,0,LOAD
16850,PREFETCH_SUCCESS,cpu0_L2C,132409227,0,0,0
16851,PREFETCH_SUCCESS,cpu0_L2C,132409228,0,0,0
16855,CACHE_OPERATE,cpu0_L2C,5746299,4201112,0,LOAD
20986,CACHE_OPERATE,cpu0_L2C,102137192,4201008,1,LOAD
20986,PREFETCH_SUCCESS,cpu0_L2C,102137201,0,0,0
20987,PREFETCH_SUCCESS,cpu0_L2C,102137202,0,0,0
21136,CACHE_OPERATE,cpu0_L2C,111930920,4201020,1,LOAD
21136,PREFETCH_SUCCESS,cpu0_L2C,111930929,0,0,0
21137,CACHE_OPERATE,cpu0_L2C,78007592,4201044,1,LOAD
21137,PREFETCH_SUCCESS,cpu0_L2C,78007601,0,0,0
21138,PREFETCH_SUCCESS,cpu0_L2C,78007602,0,0,0
21306,CACHE_OPERATE,cpu0_L2C,17681832,4201057,1,LOAD
21306,PREFETCH_SUCCESS,cpu0_L2C,17681841,0,0,0
21307,PREFETCH_SUCCESS,cpu0_L2C,17681842,0,0,0
21486,CACHE_OPERATE,cpu0_L2C,48234792,4201071,1,LOAD
21486,PREFETCH_SUCCESS,cpu0_L2C,48234801,0,0,0
21487,CACHE_OPERATE,cpu0_L2C,26079080,4201094,1,LOAD
21487,PREFETCH_SUCCESS,cpu0_L2C,26079089,0,0,0
21488,PREFETCH_SUCCESS,cpu0_L2C,26079090,0,0,0
21520,CACHE_OPERATE,cpu0_L2C,52174376,4201107,1,LOAD
21520,PREFETCH_SUCCESS,cpu0_L2C,52174385,0,0,0
21521,PREFETCH_SUCCESS,cpu0_L2C,52174386,0,0,0
21897,CACHE_OPERATE,cpu0_L2C,102137193,4201008,1,LOAD
21897,PREFETCH_SUCCESS,cpu0_L2C,102137202,0,0,0
21898,CACHE_OPERATE,cpu0_L2C,111930921,4201020,1,LOAD
21898,PREFETCH_SUCCESS,cpu0_L2C,111930930,0,0,0
21899,PREFETCH_SUCCESS,cpu0_L2C,111930931,0,0,0
21904,CACHE_OPERATE,cpu0_L2C,78007593,4201044,1,LOAD
21904,PREFETCH_SUCCESS,cpu0_L2C,78007602,0,0,0
21905,PREFETCH_SUCCESS,cpu0_L2C,78007603,0,0,0
21906,CACHE_OPERATE,cpu0_L2C,17681833,4201057,1,LOAD
21906,PREFETCH_SUCCESS,cpu0_L2C,17681842,0,0,0
21907,CACHE_OPERATE,cpu0_L2C,48234793,4201071,1,LOAD
21907,PREFETCH_SUCCESS,cpu0_L2C,48234802,0,0,0
21908,PREFETCH_SUCCESS,cpu0_L2C,48234803,0,0,0
21912,CACHE_OPERATE,cpu0_L2C,26079081,4201094,1,LOAD
21912,PREFETCH_SUCCESS,cpu0_L2C,26079090,0,0,0
21913,PREFETCH_SUCCESS,cpu0_L2C,26079091,0,0,0
21924,CACHE_OPERATE,cpu0_L2C,52174377,4201107,1,LOAD
21924,PREFETCH_SUCCESS,cpu0_L2C,52174386,0,0,0
21925,PREFETCH_SUCCESS,cpu0_L2C,52174387,0,0,0
21937,CACHE_OPERATE,cpu0_L2C,48234794,4201071,1,LOAD
21937,PREFETCH_SUCCESS,cpu0_L2C,48234803,0,0,0
21938,CACHE_OPERATE,cpu0_L2C,26079082,4201094,1,LOAD
21938,PREFETCH_SUCCESS,cpu0_L2C,26079091,0,0,0
21939,CACHE_OPERATE,cpu0_L2C,102137194,4201008,1,LOAD
21939,PREFETCH_SUCCESS,cpu0_L2C,102137203,0,0,0
21940,CACHE_OPERATE,cpu0_L2C,111930922,4201020,1,LOAD
21940,PREFETCH_SUCCESS,cpu0_L2C,111930931,0,0,0
21941,CACHE_OPERATE,cpu0_L2C,78007594,4201044,1,LOAD
21941,PREFETCH_SUCCESS,cpu0_L2C,78007603,0,0,0
21942,CACHE_OPERATE,cpu0_L2C,17681834,4201057,1,LOAD
21942,PREFETCH_SUCCESS,cpu0_L2C,17681843,0,0,0
21943,CACHE_OPERATE,cpu0_L2C,52174378,4201107,1,LOAD
21943,PREFETCH_SUCCESS,cpu0_L2C,52174387,0,0,0
21944,CACHE_OPERATE,cpu0_L2C,102137195,4201008,1,LOAD
21944,PREFETCH_SUCCESS,cpu0_L2C,102137204,0,0,0
21945,CACHE_OPERATE,cpu0_L2C,111930923,4201020,1,LOAD
21945,PREFETCH_SUCCESS,cpu0_L2C,111930932,0,0,0
21946,CACHE_OPERATE,cpu0_L2C,78007595,4201044,1,LOAD
21946,PREFETCH_SUCCESS,cpu0_L2C,78007604,0,0,0
21947,CACHE_OPERATE,cpu0_L2C,17681835,4201057,1,LOAD
21947,PREFETCH_SUCCESS,cpu0_L2C,17681844,0,0,0
21948,CACHE_OPERATE,cpu0_L2C,48234795,4201071,1,LOAD
21948,PREFETCH_SUCCESS,cpu0_L2C,48234804,0,0,0
21949,CACHE_OPERATE,cpu0_L2C,26079083,4201094,1,LOAD
21949,PREFETCH_SUCCESS,cpu0_L2C,26079092,0,0,0
21950,CACHE_OPERATE,cpu0_L2C,52174379,4201107,1,LOAD
21950,PREFETCH_SUCCESS,cpu0_L2C,52174388,0,0,0
21951,PREFETCH_SUCCESS,cpu0_L2C,52174389,0,0,0
21969,CACHE_OPERATE,cpu0_L2C,95178503,4201034,0,LOAD
21969,PREFETCH_SUCCESS,cpu0_L2C,95178512,0,0,0
21970,PREFETCH_SUCCESS,cpu0_L2C,95178513,0,0,0
21972,CACHE_OPERATE,cpu0_L2C,72525770,4201049,0,LOAD
21972,PREFETCH_SUCCESS,cpu0_L2C,72525779,0,0,0
21973,CACHE_OPERATE,cpu0_L2C,123893393,4201062,0,LOAD
21973,PREFETCH_SUCCESS,cpu0_L2C,123893402,0,0,0
21974,CACHE_OPERATE,cpu0_L2C,132409219,4201099,0,LOAD
21974,PREFETCH_SUCCESS,cpu0_L2C,123893403,0,0,0
21975,CACHE_OPERATE,cpu0_L2C,5746300,4201112,0,LOAD
25252,CACHE_OPERATE,cpu0_L2C,102137196,4201008,1,LOAD
25252,PREFETCH_SUCCESS,cpu0_L2C,102137205,0,0,0
25253,CACHE_OPERATE,cpu0_L2C,111930924,4201020,1,LOAD
25253,PREFETCH_SUCCESS,cpu0_L2C,111930933,0,0,0
25254,PREFETCH_SUCCESS,cpu0_L2C,111930934,0,0,0
25259,CACHE_OPERATE,cpu0_L2C,78007596,4201044,1,LOAD
25259,PREFETCH_SUCCESS,cpu0_L2C,78007605,0,0,0
25260,PREFETCH_SUCCESS,cpu0_L2C,78007606,0,0,0
25261,CACHE_OPERATE,cpu0_L2C,17681836,4201057,1,LOAD
25261,PREFETCH_SUCCESS,cpu0_L2C,17681845,0,0,0
25262,CACHE_OPERATE,cpu0_L2C,48234796,4201071,1,LOAD
25262,PREFETCH_SUCCESS,cpu0_L2C,48234805,0,0,0
25263,PREFETCH_SUCCESS,cpu0_L2C,48234806,0,0,0
25267,CACHE_OPERATE,cpu0_L2C,26079084,4201094,1,LOAD
25267,PREFETCH_SUCCESS,cpu0_L2C,26079093,0,0,0
25268,PREFETCH_SUCCESS,cpu0_L2C,26079094,0,0,0
25279,CACHE_OPERATE,cpu0_L2C,52174380,4201107,1,LOAD
25279,PREFETCH_SUCCESS,cpu0_L2C,52174389,0,0,0
25280,PREFETCH_SUCCESS,cpu0_L2C,52174390,0,0,0
25292,CACHE_OPERATE,cpu0_L2C,48234797,4201071,0,LOAD
25292,PREFETCH_SUCCESS,cpu0_L2C,48234806,0,0,0
25293,CACHE_OPERATE,cpu0_L2C,26079085,4201094,1,LOAD
25293,PREFETCH_SUCCESS,cpu0_L2C,26079094,0,0,0
25294,CACHE_OPERATE,cpu0_L2C,102137197,4201008,0,LOAD
25294,PREFETCH_SUCCESS,cpu0_L2C,102137206,0,0,0
25295,CACHE_OPERATE,cpu0_L2C,111930925,4201020,0,LOAD
25295,PREFETCH_SUCCESS,cpu0_L2C,111930934,0,0,0
25296,CACHE_OPERATE,cpu0_L2C,78007597,4201044,0,LOAD
25296,PREFETCH_SUCCESS,cpu0_L2C,78007606,0,0,0
25297,CACHE_OPERATE,cpu0_L2C,17681837,4201057,0,LOAD
25297,PREFETCH_SUCCESS,cpu0_L2C,17681846,0,0,0
25298,CACHE_OPERATE,cpu0_L2C,52174381,4201107,1,LOAD
25298,PREFETCH_SUCCESS,cpu0_L2C,52174390,0,0,0
25299,CACHE_OPERATE,cpu0_L2C,102137198,4201008,1,LOAD
25299,PREFETCH_SUCCESS,cpu0_L2C,102137207,0,0,0
25300,CACHE_OPERATE,cpu0_L2C,111930926,4201020,1,LOAD
25300,PREFETCH_SUCCESS,cpu0_L2C,111930935,0,0,0
25301,CACHE_OPERATE,cpu0_L2C,78007598,4201044,1,LOAD
25301,PREFETCH_SUCCESS,cpu0_L2C,78007607,0,0,0
25302,CACHE_OPERATE,cpu0_L2C,17681838,4201057,1,LOAD
25302,PREFETCH_SUCCESS,cpu0_L2C,17681847,0,0,0
25303,CACHE_OPERATE,cpu0_L2C,48234798,4201071,1,LOAD
25303,PREFETCH_SUCCESS,cpu0_L2C,48234807,0,0,0
25304,CACHE_OPERATE,cpu0_L2C,26079086,4201094,1,LOAD
25304,PREFETCH_SUCCESS,cpu0_L2C,26079095,0,0,0
25305,CACHE_OPERATE,cpu0_L2C,52174382,4201107,0,LOAD
25305,PREFETCH_SUCCESS,cpu0_L2C,52174391,0,0,0
25306,PREFETCH_SUCCESS,cpu0_L2C,52174392,0,0,0
